{"time_series": [50, 100, 150, 200, 250, 300, 350, 400, 450, 500, 550, 600, 650, 700, 750, 800, 850, 900, 950, 1000, 1050, 1100, 1150, 1200, 1250, 1300, 1350, 1400, 1450, 1500, 1550, 1600, 1650, 1700, 1750, 1800, 1850, 1900, 1950, 2000, 2050, 2100, 2150, 2200, 2250, 2300, 2350, 2400, 2450, 2500, 2550, 2600, 2650, 2700, 2750, 2800, 2850, 2900, 2950, 3000, 3050, 3100, 3150, 3200, 3250, 3300, 3350, 3400, 3450, 3500, 3550, 3600, 3650, 3700, 3750, 3800, 3850, 3900, 3950, 4000, 4050, 4100, 4150, 4200, 4250, 4300, 4350, 4400, 4450, 4500, 4550, 4600, 4650, 4700, 4750, 4800, 4850, 4900, 4950, 5000, 5050, 5100, 5150, 5200, 5250, 5300, 5350, 5400, 5450, 5500, 5550, 5600, 5650, 5700, 5750, 5800, 5850, 5900, 5950, 6000, 6050, 6100, 6150, 6200, 6250, 6300, 6350, 6400, 6450, 6500, 6550, 6600, 6650, 6700, 6750, 6800, 6850, 6900, 6950, 7000, 7050, 7100, 7150, 7200, 7250, 7300, 7350, 7400], "energy_list": [51636.64919583673, 115123.40127423493, 175831.85024786068, 232786.85318650672, 288129.5769952209, 341937.22044937947, 396950.2934525154, 441589.4596909362, 476074.1331552521, 509691.2112812428, 543435.0627249869, 576860.1912354617, 624589.7912778185, 687606.7207183139, 750142.272742472, 811268.0164520307, 862355.274846325, 910310.9167741716, 957033.1614009415, 991063.6016695107, 1024680.6841447564, 1058416.9497361653, 1092073.6528824775, 1125500.1845371362, 1162240.4970793666, 1196256.3079708698, 1229944.3083689702, 1263576.9101465219, 1297587.2660045058, 1331023.0295154923, 1366638.666832036, 1401273.5923528064, 1435154.6570111378, 1468810.831207774, 1502918.7184107206, 1536463.7591602176, 1582425.716265322, 1620782.297431351, 1658996.345001917, 1697287.6330894653, 1735802.3992989422, 1773866.0243822115, 1811054.9648373695, 1846010.2671827713, 1880120.4072315786, 1913769.6653395658, 1947493.007205402, 1980921.083615575, 2017025.2524857016, 2051357.884426441, 2085155.5886864369, 2118743.887411654, 2152540.201331831, 2186042.194342359, 2221249.2940124287, 2255144.8780462868, 2289103.867465679, 2322925.6225373447, 2356562.5274672136, 2389995.878038723, 2425997.095944281, 2460906.6461343267, 2495734.9337510536, 2529688.7753429823, 2563472.0516538396, 2596898.969282174, 2632192.1447220305, 2666103.0218778406, 2699821.050035386, 2733476.699903935, 2767166.7999947327, 2800663.6399369286, 2841612.137972584, 2905653.1870837067, 2967495.29176611, 3028171.450424044, 3088786.887493967, 3148681.7599354563, 3210295.430933882, 3264666.1319119213, 3299472.4618032607, 3333005.2413295708, 3366620.2334542265, 3400089.767652204, 3435956.809267433, 3470558.348103434, 3504450.605734602, 3538033.966143256, 3571623.7870219876, 3605122.6766320267, 3640397.2614204553, 3674308.7789097624, 3707982.3652371536, 3741663.9167176154, 3775254.036607281, 3808682.752194123, 3844153.991344481, 3878533.590499348, 3912071.9539432027, 3945588.894183307, 3979240.8827971593, 4012677.9701753557, 4047893.9016266647, 4082496.9681904777, 4117428.5818798128, 4152124.4395818887, 4185699.1387526225, 4219200.491099393, 4256208.221787876, 4291800.906639528, 4325956.266318675, 4359562.687332563, 4393123.881393055, 4426558.375234271, 4461572.644913326, 4495650.027208327, 4529449.057916671, 4563115.644338516, 4596716.352851039, 4630145.011459771, 4671438.83216033, 4705466.3604414705, 4739051.974108759, 4772556.652431909, 4806105.723274628, 4839649.6843868485, 4874791.808446183, 4909513.796796588, 4943663.596532097, 4977416.1106634205, 5011241.224136334, 5044678.755710917, 5080750.5092208125, 5115880.909382377, 5150664.763714034, 5184610.531233623, 5218250.502002481, 5251814.911369034, 5286994.93103972, 5321006.972057736, 5356680.990412277, 5391616.099509904, 5424131.974746407, 5456545.474746407, 5488958.974746407, 5517788.034599718, 5537219.145385056, 5546928.971511057], "latency_list": [927.7422657852173, 1879.3994568977355, 2715.6173368644713, 3413.8109298381805, 4073.041625904083, 4681.809129987715, 5388.670303817748, 5714.853225070951, 5785.415689105986, 5835.607025917051, 5885.899581933973, 5935.8495740604385, 6452.347476070405, 7333.100441122056, 8183.47771806717, 8985.098618972776, 9500.5650919342, 9950.592946067805, 10415.14858313751, 10497.909055074691, 10549.477524950027, 10599.83815208435, 10650.077014919281, 10700.021670124055, 10905.696125862121, 10976.119688020706, 11026.4092081089, 11076.58248090553, 11128.148352056502, 11178.070848009109, 11362.124035923005, 11488.772298078537, 11540.026083955765, 11590.368296998975, 11665.376472032549, 11724.561550083161, 12059.220807134629, 12123.122319013597, 12173.379744945527, 12223.731399084092, 12274.90833190727, 12324.720550935743, 12484.363988096236, 12627.12765597534, 12687.606043087004, 12737.850976917267, 12788.181488119126, 12838.036694034578, 13012.69857900047, 13137.490411970133, 13190.890928985591, 13241.041381114954, 13310.323459047315, 13360.272985111234, 13523.685675832745, 13589.62686289787, 13652.946913948057, 13708.781759035111, 13759.03524100113, 13808.933027032852, 13980.9422548542, 14133.043910062788, 14284.477223947522, 14361.83271105003, 14412.244796949384, 14462.168235914229, 14632.254604827878, 14700.648219951629, 14751.067361972808, 14801.197754003524, 14860.043872888564, 14910.036270053864, 15295.033884618755, 16240.167620710368, 17086.43210477447, 17886.553953819275, 18686.622731796266, 19484.830187952044, 20413.10531807137, 21014.92126784707, 21089.17909202386, 21139.33981798364, 21189.52529902841, 21239.761030937207, 21414.726874120723, 21540.3891550274, 21599.900215982452, 21649.974764898314, 21700.071030101786, 21749.997955890667, 21915.83743989755, 21984.023777891172, 22034.449964036954, 22084.692751028077, 22134.87936998369, 22184.80261592676, 22344.50771982767, 22448.521972105045, 22498.72003696062, 22548.76702699854, 22598.993590911887, 22648.873808904667, 22807.82400605967, 22935.073528011344, 23098.304769966147, 23228.00137788966, 23278.131617952375, 23328.074965974833, 23606.27659611895, 23806.22328105929, 23889.084326055552, 23939.320396928815, 23989.393739046125, 24039.24520903972, 24196.9724688702, 24270.760835010566, 24330.24800991825, 24380.338000000036, 24430.739066953694, 24480.702704965628, 24786.7621160107, 24875.379551054037, 24925.517347061195, 24975.588449106253, 25025.737396883047, 25084.584251075783, 25242.782824047128, 25376.31119897274, 25444.422212091486, 25494.91763196379, 25554.277482971273, 25604.186434938514, 25784.656371957877, 25957.744850984694, 26107.913203025957, 26181.992824075853, 26232.24431499497, 26282.19177392213, 26441.75004692477, 26510.70809395999, 26635.883361007865, 26734.538272976097, 26735.699000000175, 26735.699000000175, 26735.699000000175, 26735.699000000175, 26735.699000000175, 26735.699000000175], "cold_start_times_list": [36, 38, 38, 39, 40, 40, 40, 40, 40, 40, 40, 40, 42, 43, 43, 43, 43, 43, 44, 44, 44, 44, 44, 44, 53, 53, 53, 53, 53, 53, 55, 55, 55, 55, 55, 56, 77, 77, 77, 77, 77, 77, 77, 78, 78, 78, 78, 78, 80, 82, 82, 82, 83, 83, 84, 84, 85, 85, 85, 85, 87, 87, 87, 87, 87, 87, 87, 87, 87, 87, 88, 88, 103, 104, 104, 104, 104, 106, 114, 114, 114, 114, 114, 114, 115, 115, 116, 116, 116, 116, 117, 117, 117, 117, 117, 117, 117, 117, 117, 117, 117, 117, 117, 117, 118, 118, 118, 118, 121, 121, 121, 121, 121, 121, 121, 121, 122, 122, 122, 122, 135, 135, 135, 135, 135, 136, 136, 136, 141, 141, 142, 142, 143, 143, 143, 144, 144, 144, 144, 144, 147, 147, 147, 147, 147, 147, 147, 147], "migration_list": [0, 0, 0, 0, 0, 0, 0, 0, 0, 0, 0, 0, 0, 0, 0, 0, 0, 0, 0, 0, 0, 0, 0, 0, 0, 0, 0, 0, 0, 0, 0, 0, 0, 0, 0, 0, 0, 0, 0, 0, 0, 0, 0, 0, 0, 0, 0, 0, 0, 0, 0, 0, 0, 0, 0, 0, 0, 0, 0, 0, 0, 0, 0, 0, 0, 0, 0, 0, 0, 0, 0, 0, 0, 0, 0, 0, 0, 0, 0, 0, 0, 0, 0, 0, 0, 0, 0, 0, 0, 0, 0, 0, 0, 0, 0, 0, 0, 0, 0, 0, 0, 0, 0, 0, 0, 0, 0, 0, 0, 0, 0, 0, 0, 0, 0, 0, 0, 0, 0, 0, 0, 0, 0, 0, 0, 0, 0, 0, 0, 0, 0, 0, 0, 0, 0, 0, 0, 0, 0, 0, 0, 0, 0, 0, 0, 0, 0, 0],