{"time_series": [50, 100, 150, 200, 250, 300, 350, 400, 450, 500, 550, 600, 650, 700, 750, 800, 850, 900, 950, 1000, 1050, 1100, 1150, 1200, 1250, 1300, 1350, 1400, 1450, 1500, 1550, 1600, 1650, 1700, 1750, 1800, 1850, 1900, 1950, 2000, 2050, 2100, 2150, 2200, 2250, 2300, 2350, 2400, 2450, 2500, 2550, 2600, 2650, 2700, 2750, 2800, 2850, 2900, 2950, 3000, 3050, 3100, 3150, 3200, 3250, 3300, 3350, 3400, 3450, 3500, 3550, 3600, 3650, 3700, 3750, 3800, 3850, 3900, 3950, 4000, 4050, 4100, 4150, 4200, 4250, 4300, 4350, 4400, 4450, 4500, 4550, 4600, 4650, 4700, 4750, 4800, 4850, 4900, 4950, 5000, 5050, 5100, 5150, 5200, 5250, 5300, 5350, 5400, 5450, 5500, 5550, 5600, 5650, 5700, 5750, 5800, 5850, 5900, 5950, 6000, 6050, 6100, 6150, 6200, 6250, 6300, 6350, 6400, 6450, 6500, 6550, 6600, 6650, 6700, 6750, 6800, 6850, 6900, 6950, 7000, 7050, 7100, 7150, 7200, 7250, 7300, 7350, 7400], "energy_list": [55109.62695753933, 119710.7202792248, 180600.87237524986, 238841.99215576667, 296440.1710295728, 351984.9158108698, 409963.6373379906, 454763.5908337077, 489922.87814701576, 524204.0496676906, 558635.2642863189, 592612.1901661436, 642380.5759778939, 711968.6618157385, 781813.6750531389, 850079.6345043487, 907679.5930662294, 961775.0431856455, 1016170.9745538572, 1055919.8092172109, 1094797.2346513756, 1133878.7019586354, 1172805.249653269, 1211414.750294, 1253468.4284990393, 1293053.030972062, 1332073.695632787, 1370956.477179339, 1410069.186588835, 1448693.048378541, 1490557.4364231173, 1531435.7936091176, 1570463.423121591, 1609418.4437098736, 1648389.4022493206, 1687309.2652142355, 1734444.5964990295, 1773613.7641447366, 1812513.7447236686, 1851464.7579520235, 1890403.9784868828, 1929023.7627064802, 1967477.8882279333, 2004299.024120802, 2038745.7049369786, 2073062.9678732827, 2107449.002910179, 2141430.4846349913, 2178817.8639042866, 2214512.0560885365, 2248931.343200168, 2283142.008625197, 2317913.7977941027, 2351936.325576384, 2389224.0344631444, 2424003.77531591, 2458638.598434023, 2493229.7627837285, 2527488.251063941, 2561477.883765365, 2598763.3313848544, 2635516.4155386114, 2672192.978953784, 2707122.843317568, 2741683.1579043595, 2775662.848784513, 2812763.300024631, 2847595.3288764083, 2881969.7427692236, 2916296.383287652, 2950828.489933687, 2984843.9946909216, 3029691.257665541, 3101950.055213232, 3171198.804896744, 3238969.396149838, 3306678.792362136, 3373829.4723042184, 3442591.8415274993, 3502812.669697328, 3542565.4259053553, 3581335.3138480973, 3620186.341805333, 3658892.418018146, 3701087.6558935205, 3741876.199192106, 3781031.0087096337, 3819812.8374426905, 3858644.2403441393, 3897287.3598369802, 3939358.378231142, 3978820.210610991, 4017702.7405248173, 4056669.173443689, 4095458.9517572266, 4134071.921300528, 4175957.2818738036, 4216308.1767495945, 4250700.714761701, 4284776.832365265, 4319078.943585793, 4353074.351352096, 4390008.474949365, 4426190.680963487, 4462888.506455642, 4499149.593416159, 4533286.614503213, 4567308.0107475715, 4607969.92598899, 4645867.017001834, 4681166.969416292, 4715374.627054548, 4749545.192004839, 4783536.591577628, 4820356.355454513, 4855465.946737201, 4889803.909802274, 4924123.348016885, 4958292.347495457, 4992274.728981678, 5034816.684778442, 5069948.8587615825, 5104183.7235005945, 5138247.0522676585, 5172404.19365405, 5206681.886197458, 5243725.052698779, 5280143.147937559, 5317693.169501493, 5352319.71552802, 5386788.078068309, 5420784.172319937, 5459382.19929837, 5496662.126437405, 5533361.510138898, 5568499.333318825, 5602787.779150189, 5637407.336815986, 5674546.716711352, 5709551.643320511, 5744934.672687734, 5779636.468407423, 5812208.184682018, 5844621.684682018, 5874735.307468095, 5902518.307468095, 5919601.613629909, 5928387.163623985], "latency_list": [915.0362657852172, 1875.5084568977354, 2714.924336864471, 3413.4809298381806, 4069.5659278068542, 4673.413129987715, 5380.274303817746, 5667.712225070952, 5738.274689105986, 5788.466025917051, 5838.758581933974, 5888.708574060439, 6400.354476070404, 7276.802441122056, 8127.179718067171, 8928.800618972777, 9444.267091934198, 9894.294946067803, 10361.347583137507, 10444.108055074688, 10495.676524950024, 10546.037152084347, 10596.276014919278, 10646.220670124052, 10857.73912586212, 10928.162688020704, 10978.452208108898, 11028.625480905528, 11080.1913520565, 11130.113848009107, 11323.113035923003, 11449.761298078534, 11501.015083955763, 11551.357296998973, 11626.365472032547, 11682.155550083158, 11933.793807134623, 11997.69531901359, 12047.95274494552, 12098.304399084085, 12149.481331907264, 12199.293550935736, 12358.93698809623, 12501.700655975334, 12558.230043086996, 12608.47497691726, 12658.805488119118, 12708.66069403457, 12878.470579000466, 12998.56134589957, 13049.140928985584, 13099.291381114946, 13165.178459047307, 13215.127985111227, 13381.03767583274, 13446.978862897866, 13506.349913948052, 13562.184759035106, 13612.438241001124, 13662.336027032847, 13829.493254854193, 13981.59491006278, 14133.028223947515, 14210.383711050023, 14260.795796949376, 14310.719235914221, 14480.80560482787, 14549.19921995162, 14599.6183619728, 14649.748754003516, 14705.199872888557, 14755.192270053856, 15135.63088461875, 16076.459620710362, 16919.372104774462, 17719.493953819263, 18519.562731796254, 19314.761187952034, 20255.260318071356, 20822.636267847054, 20888.284092023845, 20938.44481798363, 20988.6302990284, 21038.866030937195, 21211.40587412071, 21337.068155027388, 21392.63021598244, 21442.704764898303, 21492.801030101775, 21542.727955890656, 21711.064439897542, 21779.250777891164, 21829.676964036946, 21879.91975102807, 21930.10636998368, 21980.029615926753, 22139.734719827662, 22243.748972105037, 22293.947036960613, 22343.99402699853, 22394.22059091188, 22444.10080890466, 22603.05100605966, 22730.300528011336, 22893.53176996614, 23019.467377889647, 23069.59761795236, 23119.54096597482, 23403.62759611894, 23603.57428105928, 23687.388326055534, 23737.624396928797, 23787.697739046107, 23837.549209039702, 23995.276468870183, 24069.064835010548, 24124.60300991823, 24174.693000000017, 24225.094066953676, 24275.05770496561, 24528.197116010684, 24616.81455105402, 24666.95234706118, 24717.023449106237, 24767.17239688303, 24822.624251075762, 24980.822824047107, 25114.35119897272, 25296.511212091442, 25347.006631963748, 25402.41748297123, 25452.32643493847, 25632.796371957833, 25802.12385098465, 25952.292203025914, 26027.123824075803, 26077.37531499492, 26127.322773922082, 26286.881046924722, 26355.83909395994, 26481.721361007818, 26581.79027297605, 26582.95100000013, 26582.95100000013, 26582.95100000013, 26582.95100000013, 26582.95100000013, 26582.95100000013], "cold_start_times_list": [36, 39, 39, 40, 41, 41, 41, 41, 41, 41, 41, 41, 43, 44, 44, 44, 44, 44, 45, 45, 45, 45, 45, 45, 54, 54, 54, 54, 54, 54, 56, 56, 56, 56, 56, 57, 74, 74, 74, 74, 74, 74, 74, 75, 75, 75, 75, 75, 77, 79, 79, 79, 80, 80, 81, 81, 82, 82, 82, 82, 84, 84, 84, 84, 84, 84, 84, 84, 84, 84, 85, 85, 100, 101, 101, 101, 101, 103, 111, 111, 111, 111, 111, 111, 112, 112, 113, 113, 113, 113, 114, 114, 114, 114, 114, 114, 114, 114, 114, 114, 114, 114, 114, 114, 115, 115, 115, 115, 118, 118, 118, 118, 118, 118, 118, 118, 119, 119, 119, 119, 132, 132, 132, 132, 132, 133, 133, 133, 150, 150, 151, 151, 152, 152, 152, 153, 153, 153, 153, 153, 156, 156, 156, 156, 156, 156, 156, 156], "migration_list": [0, 0, 0, 0, 0, 0, 0, 0, 0, 0, 0, 0, 0, 0, 0, 0, 0, 0, 0, 0, 0, 0, 0, 0, 0, 0, 0, 0, 0, 0, 0, 0, 0, 0, 0, 0, 0, 0, 0, 0, 0, 0, 0, 0, 0, 0, 0, 0, 0, 0, 0, 0, 0, 0, 0, 0, 0, 0, 0, 0, 0, 0, 0, 0, 0, 0, 0, 0, 0, 0, 0, 0, 0, 0, 0, 0, 0, 0, 0, 0, 0, 0, 0, 0, 0, 0, 0, 0, 0, 0, 0, 0, 0, 0, 0, 0, 0, 0, 0, 0, 0, 0, 0, 0, 0, 0, 0, 0, 0, 0, 0, 0, 0, 0, 0, 0, 0, 0, 0, 0, 0, 0, 0, 0, 0, 0, 0, 0, 0, 0, 0, 0, 0, 0, 0, 0, 0, 0, 0, 0, 0, 0, 0, 0, 0, 0, 0, 0],