{"time_series": [50, 100, 150, 200, 250, 300, 350, 400, 450, 500, 550, 600, 650, 700, 750, 800, 850, 900, 950, 1000, 1050, 1100, 1150, 1200, 1250, 1300, 1350, 1400, 1450, 1500, 1550, 1600, 1650, 1700, 1750, 1800, 1850, 1900, 1950, 2000, 2050, 2100, 2150, 2200, 2250, 2300, 2350, 2400, 2450, 2500, 2550, 2600, 2650, 2700, 2750, 2800, 2850, 2900, 2950, 3000, 3050, 3100, 3150, 3200, 3250, 3300, 3350, 3400, 3450, 3500, 3550, 3600, 3650, 3700, 3750, 3800, 3850, 3900, 3950, 4000, 4050, 4100, 4150, 4200, 4250, 4300, 4350, 4400, 4450, 4500, 4550, 4600, 4650, 4700, 4750, 4800, 4850, 4900, 4950, 5000, 5050, 5100, 5150, 5200, 5250, 5300, 5350, 5400, 5450, 5500, 5550, 5600, 5650, 5700, 5750, 5800, 5850, 5900, 5950, 6000, 6050, 6100, 6150, 6200, 6250, 6300, 6350, 6400, 6450, 6500, 6550, 6600, 6650, 6700, 6750, 6800, 6850, 6900, 6950, 7000, 7050, 7100, 7150, 7200, 7250, 7300, 7350, 7400], "energy_list": [55056.05434218102, 119657.14766386649, 180547.29975989155, 238788.41954040836, 296386.5984142145, 351931.3431955115, 409910.06472263235, 454710.0182183493, 489869.3055316575, 524150.4770523323, 558581.6916709606, 592558.6175507853, 642327.0033625356, 708210.6552050377, 773425.168442438, 837060.6278936479, 890030.0864555285, 939495.0365749446, 989260.4679431564, 1024378.80260651, 1058625.7280406747, 1093076.6953479343, 1127372.7430425682, 1161351.7436832986, 1198774.921888338, 1233729.0243613608, 1268119.1890220859, 1302371.4705686378, 1336853.6799781336, 1370847.0417678398, 1408080.929812416, 1444328.7869984165, 1478725.9165108898, 1513050.4370991725, 1547390.8956386195, 1581680.2586035344, 1627638.2792492814, 1666807.4468949887, 1705707.4274739204, 1744658.4407022756, 1783597.6612371346, 1822217.4454567318, 1857672.66146076, 1889863.2973536288, 1919679.4781698056, 1949366.2411061095, 1979121.7761430056, 2008472.757867818, 2041229.6371371134, 2072293.329321363, 2102082.1164329946, 2131662.2818580237, 2161803.571026929, 2191195.5988092106, 2223852.807695971, 2254002.0485487366, 2284006.3716668496, 2313967.0360165555, 2343595.024296768, 2372954.156998192, 2405609.1046176814, 2437731.6887714383, 2469777.752186611, 2500077.116550395, 2530006.9311371865, 2559356.12201734, 2591826.073257458, 2622027.6021092352, 2651771.5160020506, 2681467.656520479, 2711369.2631665138, 2740754.2679237486, 2781751.1356754997, 2854009.9332231907, 2923258.6829067026, 2991029.274159797, 3058738.670372094, 3125889.350314177, 3194651.719537458, 3254872.5477072867, 3294625.303915314, 3333395.191858056, 3372246.219815292, 3410952.2960281046, 3453147.533903479, 3493936.0772020645, 3533090.8867195924, 3571872.7154526496, 3610704.1183540984, 3649347.2378469394, 3682267.640795232, 3712468.4731750805, 3742090.0030889073, 3771795.436007779, 3801324.214321316, 3830676.1838646163, 3863300.544437892, 3894390.4393136823, 3923906.280114276, 3953351.8977178405, 3983023.5089383684, 4012388.416704671, 4044692.04030194, 4076243.7463160637, 4108311.0718082176, 4139941.658768735, 4169448.179855789, 4198839.076100147, 4234870.491341566, 4268137.08235441, 4298806.534768868, 4328383.692407123, 4357923.757357414, 4387284.656930203, 4419473.920807089, 4449953.012089776, 4479660.475154849, 4509349.41336946, 4538887.912848032, 4568239.794334253, 4608630.047539834, 4643762.221522975, 4677997.086261988, 4712060.415029052, 4746217.556415442, 4780495.248958851, 4815528.595091355, 4847316.190330135, 4881404.840993522, 4916031.38702005, 4950499.749560339, 4984495.8438119665, 5023093.8707904, 5060373.797929435, 5097073.181630928, 5132211.004810855, 5166499.45064222, 5201119.008308016, 5238258.388203382, 5273263.314812541, 5308646.344179763, 5343348.139899453, 5375919.856174048, 5408333.356174048, 5440746.856174048, 5472638.1189394845, 5486599.235086536, 5491715.958697612], "latency_list": [915.0362657852172, 1875.5084568977354, 2714.924336864471, 3413.4809298381806, 4069.5659278068542, 4673.413129987715, 5380.274303817746, 5667.712225070952, 5738.274689105986, 5788.466025917051, 5838.758581933974, 5888.708574060439, 6400.354476070404, 7276.802441122056, 8127.179718067171, 8928.800618972777, 9444.267091934198, 9894.294946067803, 10361.347583137507, 10444.108055074688, 10495.676524950024, 10546.037152084347, 10596.276014919278, 10646.220670124052, 10857.73912586212, 10928.162688020704, 10978.452208108898, 11028.625480905528, 11080.1913520565, 11130.113848009107, 11323.113035923003, 11449.761298078534, 11501.015083955763, 11551.357296998973, 11626.365472032547, 11682.155550083158, 11933.793807134623, 11997.69531901359, 12047.95274494552, 12098.304399084085, 12149.481331907264, 12199.293550935736, 12358.93698809623, 12501.700655975334, 12558.230043086996, 12608.47497691726, 12658.805488119118, 12708.66069403457, 12878.470579000466, 12998.56134589957, 13049.140928985584, 13099.291381114946, 13165.178459047307, 13215.127985111227, 13381.03767583274, 13446.978862897866, 13506.349913948052, 13562.184759035106, 13612.438241001124, 13662.336027032847, 13829.493254854193, 13981.59491006278, 14133.028223947515, 14210.383711050023, 14260.795796949376, 14310.719235914221, 14480.80560482787, 14549.19921995162, 14599.6183619728, 14649.748754003516, 14705.199872888557, 14755.192270053856, 15135.63088461875, 16076.459620710362, 16919.372104774462, 17719.493953819263, 18519.562731796254, 19314.761187952034, 20255.260318071356, 20822.636267847054, 20888.284092023845, 20938.44481798363, 20988.6302990284, 21038.866030937195, 21211.40587412071, 21337.068155027388, 21392.63021598244, 21442.704764898303, 21492.801030101775, 21542.727955890656, 21711.064439897542, 21779.250777891164, 21829.676964036946, 21879.91975102807, 21930.10636998368, 21980.029615926753, 22139.734719827662, 22243.748972105037, 22293.947036960613, 22343.99402699853, 22394.22059091188, 22444.10080890466, 22603.05100605966, 22730.300528011336, 22893.53176996614, 23019.467377889647, 23069.59761795236, 23119.54096597482, 23403.62759611894, 23603.57428105928, 23687.388326055534, 23737.624396928797, 23787.697739046107, 23837.549209039702, 23995.276468870183, 24069.064835010548, 24124.60300991823, 24174.693000000017, 24225.094066953676, 24275.05770496561, 24528.197116010684, 24616.81455105402, 24666.95234706118, 24717.023449106237, 24767.17239688303, 24822.624251075762, 24980.822824047107, 25114.35119897272, 25296.511212091442, 25347.006631963748, 25402.41748297123, 25452.32643493847, 25632.796371957833, 25802.12385098465, 25952.292203025914, 26027.123824075803, 26077.37531499492, 26127.322773922082, 26286.881046924722, 26355.83909395994, 26481.721361007818, 26581.79027297605, 26582.95100000013, 26582.95100000013, 26582.95100000013, 26582.95100000013, 26582.95100000013, 26582.95100000013], "cold_start_times_list": [36, 39, 39, 40, 41, 41, 41, 41, 41, 41, 41, 41, 43, 44, 44, 44, 44, 44, 45, 45, 45, 45, 45, 45, 54, 54, 54, 54, 54, 54, 56, 56, 56, 56, 56, 57, 74, 74, 74, 74, 74, 74, 74, 75, 75, 75, 75, 75, 77, 79, 79, 79, 80, 80, 81, 81, 82, 82, 82, 82, 84, 84, 84, 84, 84, 84, 84, 84, 84, 84, 85, 85, 100, 101, 101, 101, 101, 103, 111, 111, 111, 111, 111, 111, 112, 112, 113, 113, 113, 113, 114, 114, 114, 114, 114, 114, 114, 114, 114, 114, 114, 114, 114, 114, 115, 115, 115, 115, 118, 118, 118, 118, 118, 118, 118, 118, 119, 119, 119, 119, 132, 132, 132, 132, 132, 133, 133, 133, 150, 150, 151, 151, 152, 152, 152, 153, 153, 153, 153, 153, 156, 156, 156, 156, 156, 156, 156, 156], "migration_list": [0, 0, 0, 0, 0, 0, 0, 0, 0, 0, 0, 0, 0, 0, 0, 0, 0, 0, 0, 0, 0, 0, 0, 0, 0, 0, 0, 0, 0, 0, 0, 0, 0, 0, 0, 0, 0, 0, 0, 0, 0, 0, 0, 0, 0, 0, 0, 0, 0, 0, 0, 0, 0, 0, 0, 0, 0, 0, 0, 0, 0, 0, 0, 0, 0, 0, 0, 0, 0, 0, 0, 0, 0, 0, 0, 0, 0, 0, 0, 0, 0, 0, 0, 0, 0, 0, 0, 0, 0, 0, 0, 0, 0, 0, 0, 0, 0, 0, 0, 0, 0, 0, 0, 0, 0, 0, 0, 0, 0, 0, 0, 0, 0, 0, 0, 0, 0, 0, 0, 0, 0, 0, 0, 0, 0, 0, 0, 0, 0, 0, 0, 0, 0, 0, 0, 0, 0, 0, 0, 0, 0, 0, 0, 0, 0, 0, 0, 0],