{"time_series": [50, 100, 150, 200, 250, 300, 350, 400, 450, 500, 550, 600, 650, 700, 750, 800, 850, 900, 950, 1000, 1050, 1100, 1150, 1200, 1250, 1300, 1350, 1400, 1450, 1500, 1550, 1600, 1650, 1700, 1750, 1800, 1850, 1900, 1950, 2000, 2050, 2100, 2150, 2200, 2250, 2300, 2350, 2400, 2450, 2500, 2550, 2600, 2650, 2700, 2750, 2800, 2850, 2900, 2950, 3000, 3050, 3100, 3150, 3200, 3250, 3300, 3350, 3400, 3450, 3500, 3550, 3600, 3650, 3700, 3750, 3800, 3850, 3900, 3950, 4000, 4050, 4100, 4150, 4200, 4250, 4300, 4350, 4400, 4450, 4500, 4550, 4600, 4650, 4700, 4750, 4800, 4850, 4900, 4950, 5000, 5050, 5100, 5150, 5200, 5250, 5300, 5350, 5400, 5450, 5500, 5550, 5600, 5650, 5700, 5750, 5800, 5850, 5900, 5950, 6000, 6050, 6100, 6150, 6200, 6250, 6300, 6350, 6400, 6450, 6500, 6550, 6600, 6650, 6700, 6750, 6800, 6850, 6900, 6950, 7000, 7050, 7100, 7150, 7200, 7250, 7300, 7350, 7400, 7450, 7500, 7550, 7600, 7650, 7700, 7750, 7800, 7850, 7900, 7950, 8000, 8050], "energy_list": [44249.64149608381, 85749.42825484408, 124189.78108511395, 161124.22499048858, 197437.87031661574, 233333.45548755847, 272006.1656039485, 308720.36669765104, 343788.8320855908, 377998.78716391936, 412316.146670516, 446281.2495908675, 485446.44063955615, 526015.7103564199, 566070.7691090795, 605943.8409087779, 645922.2026460991, 685715.606510536, 728188.7580506111, 763216.1122643913, 797369.119293235, 831722.130736793, 865939.2585284939, 899904.0998463079, 937065.0942844214, 971880.4680747594, 1006145.9720405102, 1040323.0523886939, 1074727.2055814299, 1108691.465592394, 1145847.5778050732, 1182020.505740263, 1216330.855180292, 1250575.8605880453, 1284837.308870215, 1319097.7525351152, 1357523.3498203147, 1392044.0602159572, 1426282.5609684556, 1460585.7784787633, 1494855.8721027013, 1528816.7515176947, 1565571.7090356087, 1602314.198355238, 1636667.4123155638, 1670909.4765286837, 1705220.9290394539, 1739183.1262396327, 1776295.0926401797, 1811421.6895698064, 1845826.3029465482, 1880002.6095754693, 1914705.6980671368, 1948701.258423, 1985910.6113895557, 2020614.7002630637, 2055117.6221305267, 2089608.782413491, 2123792.801706438, 2157756.3042220366, 2194841.3327735066, 2231506.0201421375, 2268135.3984004534, 2303050.0697165476, 2337557.393498729, 2371521.6824182193, 2408532.6437979145, 2443292.3947698157, 2477587.278003918, 2511823.8009375297, 2546281.2059452613, 2580278.6268601255, 2620199.3042066544, 2662527.4829269657, 2703411.4744886863, 2743301.200325295, 2783123.0426566694, 2823464.0261826105, 2866446.0212543635, 2906248.4532120493, 2940409.4399484172, 2974496.2547299243, 3008677.9325566185, 3042735.83610173, 3080185.324519105, 3116242.0789155266, 3150661.1921969196, 3184722.108571969, 3218875.8911942127, 3252874.101505264, 3290254.041795782, 3325038.0319134123, 3359250.908489958, 3393537.9484204794, 3427634.031145409, 3461598.3141477173, 3498746.5454995017, 3534405.7050374206, 3568503.3434632896, 3602563.255635393, 3636850.8613696266, 3670813.8253279324, 3707704.264775418, 3743825.720994955, 3780475.967584532, 3816688.8281190037, 3850782.439378519, 3884777.415847199, 3925303.0669263243, 3963136.6523530334, 3998420.8561794674, 4032615.3277094983, 4066768.332083939, 4100730.4147575065, 4137507.618371129, 4172557.2270075865, 4206848.934828269, 4241125.06762632, 4275234.532359693, 4309200.0536017, 4348170.237114013, 4383285.154869455, 4417494.611045522, 4451541.462793024, 4485683.369844662, 4519931.551169757, 4556961.980023067, 4593362.447618964, 4630881.265948143, 4665491.705339686, 4699947.936248244, 4733911.781061353, 4772493.812379029, 4809755.732807326, 4846428.205336338, 4881549.853286703, 4915826.181339463, 4950426.777384444, 4987534.150929277, 5022521.6860253755, 5057890.130153561, 5093302.295380499, 5128371.104374004, 5163670.157084412, 5210261.35637263, 5253730.813858663, 5293620.72943856, 5330397.784420806, 5366674.546920806, 5402951.309420805, 5439228.071920806, 5475504.834420806, 5511781.596920806, 5548058.359420806, 5582808.885741995, 5616503.596830471, 5648917.096830471, 5681330.596830471, 5713744.096830471, 5746157.596830471, 5778571.096830471], "latency_list": [525.6614589385986, 825.7218540325164, 1065.3305300178527, 1213.8871229915617, 1319.9721209602353, 1419.8846320857997, 1632.0980688896175, 1747.3742250709531, 1817.9366891059876, 1868.1280259170535, 1918.420581933975, 1968.3705740604398, 2199.80586299324, 2425.233828044891, 2625.4381049900057, 2825.36405491066, 3025.4761909122462, 3225.504045045852, 3525.8855831375113, 3608.6460550746906, 3660.2145249500263, 3710.5751520843496, 3760.8140149192795, 3810.7586701240525, 4022.2771258621215, 4092.700688020706, 4142.990208108902, 4193.163480905534, 4244.7293520565045, 4294.651848009111, 4487.651035923005, 4614.299298078538, 4665.553083955766, 4715.895296998979, 4790.903472032551, 4846.693550083164, 5046.166807134634, 5110.0683190136015, 5160.325744945532, 5210.6773990840975, 5261.854331907279, 5311.666550935752, 5471.309988096242, 5614.073655975348, 5670.6030430870105, 5720.847976917273, 5771.178488119132, 5821.033694034583, 5990.843579000477, 6084.594345899586, 6135.1739289856, 6185.324381114964, 6251.211459047322, 6301.160985111241, 6467.070675832752, 6533.011862897878, 6592.382913948064, 6648.217759035117, 6698.471241001135, 6748.369027032859, 6915.526254854207, 7067.627910062794, 7219.061223947529, 7296.416711050037, 7346.82879694939, 7396.752235914234, 7566.8386048278835, 7635.232219951632, 7685.651361972812, 7735.7817540035285, 7791.232872888568, 7841.225270053866, 8110.795529808048, 8400.608265899662, 8634.29560890961, 8834.284457954409, 9034.2392359314, 9260.04793898392, 9651.430069103242, 9847.035569847107, 9897.337092023849, 9947.497817983625, 9997.683299028395, 10047.919030937192, 10220.45887412071, 10346.121155027387, 10401.683215982439, 10451.757764898302, 10501.854030101778, 10551.78095589066, 10720.117439897542, 10788.303777891164, 10838.729964036946, 10888.972751028068, 10939.159369983681, 10989.08261592675, 11148.787719827658, 11252.801972105033, 11303.00003696061, 11353.047026998527, 11403.273590911875, 11453.153808904657, 11612.104006059653, 11739.353528011328, 11902.584769966132, 12028.520377889641, 12078.650617952353, 12128.593965974815, 12412.680596118938, 12612.627281059276, 12696.441326055538, 12746.677396928797, 12796.750739046107, 12846.602209039698, 13004.329468870174, 13078.117835010538, 13133.656009918224, 13183.74600000001, 13234.147066953668, 13284.110704965602, 13484.921116010686, 13573.538551054022, 13623.67634706118, 13673.74744910624, 13723.896396883036, 13779.348251075771, 13937.546824047113, 14071.075198972725, 14253.23521209147, 14303.730631963772, 14359.141482971247, 14409.050434938486, 14589.520371957846, 14758.84785098466, 14909.01620302592, 14983.847824075812, 15034.099314994924, 15084.046773922088, 15243.605046924724, 15312.563093959943, 15438.445361007825, 15580.278595951215, 15705.070093931332, 15814.84303406729, 16266.122990165857, 16610.439865146785, 16830.8313000547, 16944.644877159262, 17044.644877159262, 17144.644877159262, 17244.644877159262, 17344.644877159262, 17444.644877159262, 17544.644877159262, 17601.205752098227, 17630.437000000144, 17630.437000000144, 17630.437000000144, 17630.437000000144, 17630.437000000144, 17630.437000000144], "cold_start_times_list": [23, 23, 23, 24, 25, 25, 25, 25, 25, 25, 25, 25, 27, 27, 27, 27, 27, 27, 28, 28, 28, 28, 28, 28, 37, 37, 37, 37, 37, 37, 39, 39, 39, 39, 39, 40, 44, 44, 44, 44, 44, 44, 44, 45, 45, 45, 45, 45, 47, 48, 48, 48, 49, 49, 50, 50, 51, 51, 51, 51, 53, 53, 53, 53, 53, 53, 53, 53, 53, 53, 54, 54, 58, 58, 58, 58, 58, 60, 69, 69, 69, 69, 69, 69, 70, 70, 71, 71, 71, 71, 72, 72, 72, 72, 72, 72, 72, 72, 72, 72, 72, 72, 72, 72, 73, 73, 73, 73, 76, 76, 76, 76, 76, 76, 76, 76, 77, 77, 77, 77, 80, 80, 80, 80, 80, 81, 81, 81, 98, 98, 99, 99, 100, 100, 100, 101, 101, 101, 101, 101, 104, 105, 105, 105, 107, 107, 107, 107, 107, 107, 107, 107, 107, 107, 107, 107, 107, 107, 107, 107, 107],