{"time_series": [50, 100, 150, 200, 250, 300, 350, 400, 450, 500, 550, 600, 650, 700, 750, 800, 850, 900, 950, 1000, 1050, 1100, 1150, 1200, 1250, 1300, 1350, 1400, 1450, 1500, 1550, 1600, 1650, 1700, 1750, 1800, 1850, 1900, 1950, 2000, 2050, 2100, 2150, 2200, 2250, 2300, 2350, 2400, 2450, 2500, 2550, 2600, 2650, 2700, 2750, 2800, 2850, 2900, 2950, 3000, 3050, 3100, 3150, 3200, 3250, 3300, 3350, 3400, 3450, 3500, 3550, 3600, 3650, 3700, 3750, 3800, 3850, 3900, 3950, 4000, 4050, 4100, 4150, 4200, 4250, 4300, 4350, 4400, 4450, 4500, 4550, 4600, 4650, 4700, 4750, 4800, 4850, 4900, 4950, 5000, 5050, 5100, 5150, 5200, 5250, 5300, 5350, 5400, 5450, 5500, 5550, 5600, 5650, 5700, 5750, 5800, 5850, 5900, 5950, 6000, 6050, 6100, 6150, 6200, 6250, 6300, 6350, 6400, 6450, 6500, 6550, 6600, 6650, 6700, 6750, 6800, 6850, 6900, 6950, 7000, 7050, 7100, 7150, 7200, 7250, 7300, 7350, 7400], "energy_list": [57977.83354299629, 122578.92686468177, 183469.0789607068, 241710.1987412236, 299308.37761502975, 354853.12239632674, 412831.8439234476, 457631.7974191647, 492791.0847324727, 527072.2562531476, 561503.4708717759, 595480.3967516006, 645248.7825633509, 711132.434405853, 776346.9476432534, 839982.4070944632, 892951.8656563438, 942416.8157757598, 992182.2471439716, 1027300.5818073251, 1061547.50724149, 1095998.4745487496, 1130294.5222433833, 1164273.522884114, 1201696.7010891533, 1236650.803562176, 1271040.968222901, 1305293.2497694532, 1339775.459178949, 1373768.820968655, 1411002.7090132313, 1447250.566199232, 1481647.6957117054, 1515972.2162999879, 1550312.674839435, 1584602.0378043498, 1630376.692960189, 1669545.8606058962, 1708445.841184828, 1747396.8544131832, 1786336.0749480422, 1824955.8591676394, 1863408.435702197, 1900229.5715950658, 1934676.2524112423, 1968993.5153475464, 2003379.5503844426, 2037361.0321092552, 2074748.4113785506, 2110442.6035628, 2144861.8906744313, 2179072.556099461, 2213844.3452683664, 2247866.873050648, 2285154.581937408, 2319934.322790174, 2354569.145908287, 2389160.3102579927, 2423418.798538205, 2457408.431239629, 2494693.8788591186, 2531446.963012875, 2568123.5264280476, 2603053.3907918315, 2637613.705378623, 2671593.3962587765, 2708693.8474988947, 2743525.876350672, 2777900.2902434873, 2812226.9307619156, 2846759.0374079505, 2880774.5421651853, 2924841.85678283, 2992470.154330521, 3057088.404014033, 3120228.495267127, 3183307.391479424, 3245827.5714215073, 3309959.440644788, 3365549.768814617, 3400672.025022644, 3434811.412965386, 3469031.940922622, 3503107.517135435, 3540672.2550108093, 3576830.2983093946, 3611354.6078269226, 3645505.93655998, 3679706.8394614286, 3713719.4589542695, 3751159.977348431, 3785991.3097282797, 3820243.3396421066, 3854579.2725609783, 3888738.5508745154, 3922721.020417816, 3959975.8809910915, 3995696.275866882, 4029842.6166674756, 4063918.73427104, 4098220.8454915676, 4132216.25325787, 4169150.376855139, 4205332.582869262, 4242030.408361416, 4278291.495321934, 4312428.516408988, 4346449.912653347, 4387111.827894765, 4425008.918907609, 4460308.871322067, 4494516.528960322, 4528687.093910613, 4562678.493483402, 4599498.257360288, 4634607.848642975, 4668945.811708048, 4703265.249922659, 4737434.249401231, 4771416.6308874525, 4813958.586684216, 4849090.760667357, 4883325.62540637, 4917388.954173434, 4951546.095559824, 4985823.788103233, 5022866.954604554, 5059285.049843334, 5096835.071407268, 5131461.617433796, 5165929.979974085, 5199926.074225713, 5238524.101204146, 5275804.028343181, 5312503.412044674, 5347641.235224601, 5381929.681055966, 5416549.238721762, 5453688.618617128, 5488693.545226287, 5524076.57459351, 5558778.370313199, 5591350.086587794, 5623763.586587794, 5656177.086587794, 5688590.586587794, 5721004.086587794, 5753417.586587794], "latency_list": [915.0362657852172, 1875.5084568977354, 2714.924336864471, 3413.4809298381806, 4069.5659278068542, 4673.413129987715, 5380.274303817746, 5667.712225070952, 5738.274689105986, 5788.466025917051, 5838.758581933974, 5888.708574060439, 6400.354476070404, 7276.802441122056, 8127.179718067171, 8928.800618972777, 9444.267091934198, 9894.294946067803, 10361.347583137507, 10444.108055074688, 10495.676524950024, 10546.037152084347, 10596.276014919278, 10646.220670124052, 10857.73912586212, 10928.162688020704, 10978.452208108898, 11028.625480905528, 11080.1913520565, 11130.113848009107, 11323.113035923003, 11449.761298078534, 11501.015083955763, 11551.357296998973, 11626.365472032547, 11682.155550083158, 11933.793807134623, 11997.69531901359, 12047.95274494552, 12098.304399084085, 12149.481331907264, 12199.293550935736, 12358.93698809623, 12501.700655975334, 12558.230043086996, 12608.47497691726, 12658.805488119118, 12708.66069403457, 12878.470579000466, 12998.56134589957, 13049.140928985584, 13099.291381114946, 13165.178459047307, 13215.127985111227, 13381.03767583274, 13446.978862897866, 13506.349913948052, 13562.184759035106, 13612.438241001124, 13662.336027032847, 13829.493254854193, 13981.59491006278, 14133.028223947515, 14210.383711050023, 14260.795796949376, 14310.719235914221, 14480.80560482787, 14549.19921995162, 14599.6183619728, 14649.748754003516, 14705.199872888557, 14755.192270053856, 15135.63088461875, 16076.459620710362, 16919.372104774462, 17719.493953819263, 18519.562731796254, 19314.761187952034, 20255.260318071356, 20822.636267847054, 20888.284092023845, 20938.44481798363, 20988.6302990284, 21038.866030937195, 21211.40587412071, 21337.068155027388, 21392.63021598244, 21442.704764898303, 21492.801030101775, 21542.727955890656, 21711.064439897542, 21779.250777891164, 21829.676964036946, 21879.91975102807, 21930.10636998368, 21980.029615926753, 22139.734719827662, 22243.748972105037, 22293.947036960613, 22343.99402699853, 22394.22059091188, 22444.10080890466, 22603.05100605966, 22730.300528011336, 22893.53176996614, 23019.467377889647, 23069.59761795236, 23119.54096597482, 23403.62759611894, 23603.57428105928, 23687.388326055534, 23737.624396928797, 23787.697739046107, 23837.549209039702, 23995.276468870183, 24069.064835010548, 24124.60300991823, 24174.693000000017, 24225.094066953676, 24275.05770496561, 24528.197116010684, 24616.81455105402, 24666.95234706118, 24717.023449106237, 24767.17239688303, 24822.624251075762, 24980.822824047107, 25114.35119897272, 25296.511212091442, 25347.006631963748, 25402.41748297123, 25452.32643493847, 25632.796371957833, 25802.12385098465, 25952.292203025914, 26027.123824075803, 26077.37531499492, 26127.322773922082, 26286.881046924722, 26355.83909395994, 26481.721361007818, 26581.79027297605, 26582.95100000013, 26582.95100000013, 26582.95100000013, 26582.95100000013, 26582.95100000013, 26582.95100000013], "cold_start_times_list": [36, 39, 39, 40, 41, 41, 41, 41, 41, 41, 41, 41, 43, 44, 44, 44, 44, 44, 45, 45, 45, 45, 45, 45, 54, 54, 54, 54, 54, 54, 56, 56, 56, 56, 56, 57, 74, 74, 74, 74, 74, 74, 74, 75, 75, 75, 75, 75, 77, 79, 79, 79, 80, 80, 81, 81, 82, 82, 82, 82, 84, 84, 84, 84, 84, 84, 84, 84, 84, 84, 85, 85, 100, 101, 101, 101, 101, 103, 111, 111, 111, 111, 111, 111, 112, 112, 113, 113, 113, 113, 114, 114, 114, 114, 114, 114, 114, 114, 114, 114, 114, 114, 114, 114, 115, 115, 115, 115, 118, 118, 118, 118, 118, 118, 118, 118, 119, 119, 119, 119, 132, 132, 132, 132, 132, 133, 133, 133, 150, 150, 151, 151, 152, 152, 152, 153, 153, 153, 153, 153, 156, 156, 156, 156, 156, 156, 156, 156], "migration_list": [0, 0, 0, 0, 0, 0, 0, 0, 0, 0, 0, 0, 0, 0, 0, 0, 0, 0, 0, 0, 0, 0, 0, 0, 0, 0, 0, 0, 0, 0, 0, 0, 0, 0, 0, 0, 0, 0, 0, 0, 0, 0, 0, 0, 0, 0, 0, 0, 0, 0, 0, 0, 0, 0, 0, 0, 0, 0, 0, 0, 0, 0, 0, 0, 0, 0, 0, 0, 0, 0, 0, 0, 0, 0, 0, 0, 0, 0, 0, 0, 0, 0, 0, 0, 0, 0, 0, 0, 0, 0, 0, 0, 0, 0, 0, 0, 0, 0, 0, 0, 0, 0, 0, 0, 0, 0, 0, 0, 0, 0, 0, 0, 0, 0, 0, 0, 0, 0, 0, 0, 0, 0, 0, 0, 0, 0, 0, 0, 0, 0, 0, 0, 0, 0, 0, 0, 0, 0, 0, 0, 0, 0, 0, 0, 0, 0, 0, 0],