{"time_series": [50, 100, 150, 200, 250, 300, 350, 400, 450, 500, 550, 600, 650, 700, 750, 800, 850, 900, 950, 1000, 1050, 1100, 1150, 1200, 1250, 1300, 1350, 1400, 1450, 1500, 1550, 1600, 1650, 1700, 1750, 1800, 1850, 1900, 1950, 2000, 2050, 2100, 2150, 2200, 2250, 2300, 2350, 2400, 2450, 2500, 2550, 2600, 2650, 2700, 2750, 2800, 2850, 2900, 2950, 3000], "energy_list": [59197.02516533258, 123321.098055679, 184029.54702930478, 240984.5499679508, 296327.27377666504, 350134.91723082354, 405147.99023395946, 449787.1564723803, 484271.82993669616, 517888.90806268685, 551632.759506431, 585057.8880169058, 632787.4880592625, 695804.4174997581, 758339.9695239163, 819465.7132334749, 870552.9716277692, 918508.6135556158, 965230.8581823857, 999261.2984509548, 1032878.3809262003, 1066614.6465176092, 1100271.3496639214, 1133697.8813185801, 1170438.1938608105, 1204454.0047523137, 1238142.005150414, 1271774.606927966, 1305784.96278595, 1339220.7262969364, 1374836.3636134802, 1409471.2891342503, 1443352.353792582, 1477008.5279892182, 1511116.4151921647, 1544661.4559416617, 1590623.4130467658, 1628979.9942127948, 1667194.041783361, 1705485.3298709092, 1744000.0960803863, 1782063.7211636554, 1819252.6616188136, 1854207.9639642155, 1888318.104013023, 1921967.3621210097, 1955690.7039868461, 1989118.780397019, 2025222.949267146, 2059555.5812078852, 2093353.2854678812, 2126941.5841930984, 2160737.8981132754, 2194170.65462445, 2227533.2633339553, 2259946.7633339553, 2292360.2633339553, 2321085.7048334414, 2341876.9113755077, 2351010.9060105914], "latency_list": [927.7422657852173, 1879.3994568977355, 2715.6173368644713, 3413.8109298381805, 4073.041625904083, 4681.809129987715, 5388.670303817748, 5714.853225070951, 5785.415689105986, 5835.607025917051, 5885.899581933973, 5935.8495740604385, 6452.347476070405, 7333.100441122056, 8183.47771806717, 8985.098618972776, 9500.5650919342, 9950.592946067805, 10415.14858313751, 10497.909055074691, 10549.477524950027, 10599.83815208435, 10650.077014919281, 10700.021670124055, 10905.696125862121, 10976.119688020706, 11026.4092081089, 11076.58248090553, 11128.148352056502, 11178.070848009109, 11362.124035923005, 11488.772298078537, 11540.026083955765, 11590.368296998975, 11665.376472032549, 11724.561550083161, 12059.220807134629, 12123.122319013597, 12173.379744945527, 12223.731399084092, 12274.90833190727, 12324.720550935743, 12484.363988096236, 12627.12765597534, 12687.606043087004, 12737.850976917267, 12788.181488119126, 12838.036694034578, 13012.69857900047, 13137.490411970133, 13190.890928985591, 13241.041381114954, 13310.323459047315, 13360.163985111234, 13403.451999999997, 13403.451999999997, 13403.451999999997, 13403.451999999997, 13403.451999999997, 13403.451999999997], "cold_start_times_list": [36, 38, 38, 39, 40, 40, 40, 40, 40, 40, 40, 40, 42, 43, 43, 43, 43, 43, 44, 44, 44, 44, 44, 44, 53, 53, 53, 53, 53, 53, 55, 55, 55, 55, 55, 56, 77, 77, 77, 77, 77, 77, 77, 78, 78, 78, 78, 78, 80, 82, 82, 82, 83, 83, 83, 83, 83, 83, 83, 83], "migration_list": [0, 0, 0, 0, 0, 0, 0, 0, 0, 0, 0, 0, 0, 0, 0, 0, 0, 0, 0, 0, 0, 0, 0, 0, 0, 0, 0, 0, 0, 0, 0, 0, 0, 0, 0, 0, 0, 0, 0, 0, 0, 0, 0, 0, 0, 0, 0, 0, 0, 0, 0, 0, 0, 0, 0, 0, 0, 0, 0, 0], "u_cpu_list": [0.8174107142857144, 0.8573660714285715, 0.8573660714285715, 0.8813616071428572, 0.8904017857142857, 0.8904017857142857, 0.8293526785714286, 0.8293526785714286, 0.7838169642857145, 0.715513392857143, 0.715513392857143, 0.7064732142857144, 0.7736607142857144, 0.8045758928571429, 0.8045758928571429, 0.8045758928571429, 0.8045758928571429, 0.8045758928571429, 0.7400669642857144, 0.7400669642857144, 0.7400669642857144, 0.7400669642857144, 0.6164062499999999, 0.6164062499999999, 0.5766741071428572, 0.5766741071428572, 0.5766741071428572, 0.5766741071428572, 0.5766741071428572, 0.5766741071428572, 0.44006696428571423, 0.44006696428571423, 0.44006696428571423, 0.44006696428571423, 0.44006696428571423, 0.44397321428571423, 0.9279296875, 0.9279296875, 0.9279296875, 0.9279296875, 0.9279296875, 0.92451171875, 0.44006696428571423, 0.4611607142857143, 0.4611607142857143, 0.4611607142857143, 0.4611607142857143, 0.4611607142857143, 0.5283482142857142, 0.5464285714285714, 0.4440848214285714, 0.4440848214285714, 0.4479910714285714, 0.4479910714285714, 0.3045758928571428, 0.27366071428571426, 0.16852678571428564, 0.16296874999999994, 0.12031250000000004, 0.12031250000000004], "u_mem_list": [0.49911644345238093, 0.5192057291666666, 0.5192057291666666, 0.5343656994047619, 0.5430617559523809, 0.5430617559523809, 0.4996744791666667, 0.4996744791666667, 0.4716796875, 0.4296875, 0.4296875, 0.42099144345238093, 0.46554129464285715, 0.4860026041666667, 0.4860026041666667, 0.4860026041666667, 0.4860026041666667, 0.4860026041666667, 0.44349888392857145, 0.44349888392857145, 0.44349888392857145, 0.44349888392857145, 0.3616536458333333, 0.3616536458333333, 0.32142857142857145, 0.32142857142857145, 0.32142857142857145, 0.32142857142857145, 0.32142857142857145, 0.32142857142857145, 0.267578125, 0.267578125, 0.267578125, 0.267578125, 0.267578125, 0.26957775297619047, 0.5930582682291666, 0.5930582682291666, 0.5930582682291666, 0.5930582682291666, 0.5930582682291666, 0.59130859375, 0.267578125, 0.28134300595238093, 0.28134300595238093, 0.28134300595238093, 0.28134300595238093, 0.28134300595238093, 0.32589285714285715, 0.34328497023809523, 0.2894810267857143, 0.2894810267857143, 0.29148065476190477, 0.29148065476190477, 0.17601376488095238, 0.15555245535714285, 0.09760974702380952, 0.0943359375, 0.042643229166666664, 0.042643229166666664], "max_concur_list": [16, 16, 16, 16, 16, 16, 16, 16, 16, 16, 16, 16, 16, 17, 17, 17, 17, 17, 17, 17, 17, 17, 13, 13, 8, 8, 8, 8, 8, 8, 8, 8, 8, 8, 8, 8, 22, 22, 22, 22, 22, 22, 8, 8, 8, 8, 8, 8, 8, 8, 8, 8, 8, 8, 8, 8, 4, 2, 2, 1], "cold_start_list": [0, 0, 0, 0, 0, 0, 0, 0, 0, 0, 0, 0, 0, 0, 0, 0, 0, 0, 0, 0, 0, 0, 0, 0, 0, 0, 0, 0, 0, 0, 0, 0, 0, 0, 0, 0, 0, 0, 0, 0, 0, 0, 0, 1, 0, 0, 0, 0, 0, 0, 0, 0, 0, 0, 0, 0, 0, 0, 0, 0], "run_list": [21, 17, 16, 13, 14, 12, 13, 2, 1, 1, 1, 1, 19, 17, 17, 14, 9, 9, 3, 1, 1, 1, 1, 2, 3, 1, 1, 1, 1, 1, 3, 1, 1, 1, 1, 1, 3, 1, 1, 1, 1, 1, 3, 1, 1, 1, 1, 1, 3, 3, 1, 1, 1, 1, 0, 0, 0, 0, 0, 0], "spare_list": [15, 21, 22, 26, 26, 28, 25, 36, 35, 32, 32, 31, 15, 18, 18, 21, 26, 26, 31, 33, 33, 33, 29, 28, 29, 31, 31, 31, 31, 31, 25, 27, 27, 27, 27, 28, 47, 49, 49, 49, 49, 48, 25, 27, 28, 28, 28, 28, 28, 30, 24, 24, 25, 25, 20, 19, 12, 9, 2, 1], "kill_list": [0, 0, 0, 0, 0, 0, 2, 2, 4, 7, 7, 8, 8, 8, 8, 8, 8, 8, 10, 10, 10, 10, 14, 14, 21, 21, 21, 21, 21, 21, 27, 27, 27, 27, 27, 27, 27, 27, 27, 27, 27, 28, 49, 49, 49, 49, 49, 49, 49, 49, 57, 57, 57, 57, 63, 64, 71, 74, 81, 82], "activePm_list": [7, 7, 7, 7, 7, 7, 7, 7, 7, 7, 7, 7, 7, 7, 7, 7, 7, 7, 7, 7, 7, 7, 7, 7, 7, 7, 7, 7, 7, 7, 7, 7, 7, 7, 7, 7, 8, 8, 8, 8, 8, 8, 7, 7, 7, 7, 7, 7, 7, 7, 7, 7, 7, 7, 7, 7, 7, 5, 2, 1], "rej_list": [0, 0, 0, 0, 0, 0, 0, 0, 0, 0, 0, 0, 0, 0, 0, 0, 0, 0, 0, 0, 0, 0, 0, 0, 0, 0, 0, 0, 0, 0, 0, 0, 0, 0, 0, 0, 0, 0, 0, 0, 0, 0, 0, 0, 0, 0, 0, 0, 0, 0, 0, 0, 0, 0, 0, 0, 0, 0, 0, 0]}