{"time_series": [50, 100, 150, 200, 250, 300], "energy_list": [32744.6264830125, 65158.1264830125, 97571.62648301249, 129985.12648301249, 162398.62648301251, 194812.12648301251], "latency_list": [7.87, 7.87, 7.87, 7.87, 7.87, 7.87], "cold_start_times_list": [2, 2, 2, 2, 2, 2], "migration_list": [0, 0, 0, 0, 0, 0], "u_cpu_list": [0.046875, 0.046875, 0.046875, 0.046875, 0.046875, 0.046875], "u_mem_list": [0.015904017857142856, 0.015904017857142856, 0.015904017857142856, 0.015904017857142856, 0.015904017857142856, 0.015904017857142856], "max_concur_list": [2, 2, 2, 2, 2, 2], "cold_start_list": [0, 0, 0, 0, 0, 0], "run_list": [0, 0, 0, 0, 0, 0], "spare_list": [2, 2, 2, 2, 2, 2], "kill_list": [0, 0, 0, 0, 0, 0], "activePm_list": [7, 7, 7, 7, 7, 7], "rej_list": [0, 0, 0, 0, 0, 0]}