{"time_series": [50, 100, 150, 200, 250, 300, 350, 400, 450, 500, 550, 600, 650, 700, 750, 800, 850, 900, 950, 1000, 1050, 1100, 1150, 1200, 1250, 1300, 1350, 1400, 1450, 1500, 1550, 1600, 1650, 1700, 1750, 1800, 1850, 1900, 1950, 2000, 2050, 2100, 2150, 2200, 2250, 2300, 2350, 2400, 2450, 2500, 2550, 2600, 2650, 2700, 2750, 2800, 2850, 2900, 2950, 3000, 3050, 3100, 3150, 3200, 3250, 3300, 3350, 3400, 3450, 3500, 3550, 3600, 3650, 3700, 3750, 3800, 3850, 3900, 3950, 4000, 4050, 4100, 4150, 4200, 4250, 4300, 4350, 4400, 4450, 4500, 4550, 4600, 4650, 4700, 4750, 4800, 4850, 4900, 4950, 5000, 5050, 5100, 5150, 5200, 5250, 5300, 5350, 5400, 5450, 5500, 5550, 5600, 5650, 5700, 5750, 5800, 5850, 5900, 5950, 6000, 6050, 6100, 6150, 6200, 6250, 6300, 6350, 6400, 6450, 6500, 6550, 6600, 6650, 6700, 6750, 6800, 6850, 6900, 6950, 7000, 7050, 7100, 7150, 7200, 7250, 7300, 7350, 7400], "energy_list": [54845.341172814944, 118969.41406316138, 179677.86303678714, 236632.86597543315, 291975.5897841474, 345783.23323830595, 400796.30624144187, 445435.4724798627, 479920.1459441785, 513537.2240701692, 547281.0755139133, 580706.2040243881, 628435.8040667449, 691452.7335072404, 753988.2855313986, 815114.0292409572, 866201.2876352515, 914156.9295630981, 960879.174189868, 994909.6144584372, 1028526.6969336827, 1062262.9625250918, 1095919.6656714038, 1129346.1973260625, 1166086.5098682928, 1200102.320759796, 1233790.3211578964, 1267422.9229354484, 1301433.2787934323, 1334869.0423044187, 1365914.7277529126, 1395919.1532736828, 1425169.7179320143, 1454195.3921286506, 1483672.779331597, 1512587.320081094, 1560825.2170418184, 1603812.2982078474, 1646656.8457784136, 1689578.6338659618, 1732723.900075439, 1775418.025158708, 1811842.3871718678, 1842167.1895172696, 1871646.8295660769, 1900665.587674064, 1929758.4295399003, 1958556.0059500732, 1990029.6748201998, 2019731.806760939, 2048899.0110209351, 2077856.809746152, 2107022.6236663293, 2135894.116676857, 2166470.716346927, 2195735.8003807846, 2225064.289800177, 2254255.544871843, 2283261.949801712, 2312064.8003732213, 2343435.5182787795, 2373714.568468825, 2403912.356085552, 2433235.6976774805, 2462388.473988338, 2491184.8916166723, 2521847.5670565283, 2551127.944212339, 2580215.472369884, 2609240.6222384335, 2638300.222329231, 2667166.562271427, 2703484.5603070823, 2766598.8852277095, 2828440.9899101127, 2889117.1485680467, 2949732.58563797, 3009627.458079459, 3071241.129077885, 3125611.830055924, 3160418.1599472635, 3193950.9394735736, 3227565.9315982293, 3261035.4657962066, 3296902.5074114357, 3331504.0462474367, 3365396.303878605, 3398979.664287259, 3432569.4851659904, 3466068.3747760295, 3501342.959564458, 3535254.477053765, 3568928.0633811564, 3602609.6148616183, 3636199.7347512837, 3669628.4503381257, 3705099.6894884836, 3739479.288643351, 3773017.6520872056, 3806534.59232731, 3840186.580941162, 3873623.668319359, 3908839.599770668, 3943442.666334481, 3978374.280023816, 4013070.137725892, 4046644.836896626, 4080146.189243396, 4117153.9199318797, 4152746.604783532, 4186901.964462679, 4220508.385476566, 4254069.579537058, 4287504.073378274, 4322518.343057329, 4356595.72535233, 4390394.756060674, 4424061.342482519, 4457662.050995043, 4491090.709603773, 4532384.530304333, 4566412.058585473, 4599997.672252762, 4633502.350575913, 4667051.4214186305, 4700595.382530852, 4735737.506590187, 4770459.494940591, 4804609.2946761, 4838361.808807423, 4872186.922280337, 4905624.453854919, 4941696.207364815, 4976826.60752638, 5011610.461858037, 5045556.2293776255, 5079196.200146485, 5112760.609513037, 5147940.629183723, 5181952.670201738, 5217626.68855628, 5250722.423209253, 5278607.798445756, 5306390.798445756, 5329662.657923292, 5352815.157923292, 5370429.192800039, 5380139.01892604], "latency_list": [927.7422657852173, 1879.3994568977355, 2715.6173368644713, 3413.8109298381805, 4073.041625904083, 4681.809129987715, 5388.670303817748, 5714.853225070951, 5785.415689105986, 5835.607025917051, 5885.899581933973, 5935.8495740604385, 6452.347476070405, 7333.100441122056, 8183.47771806717, 8985.098618972776, 9500.5650919342, 9950.592946067805, 10415.14858313751, 10497.909055074691, 10549.477524950027, 10599.83815208435, 10650.077014919281, 10700.021670124055, 10905.696125862121, 10976.119688020706, 11026.4092081089, 11076.58248090553, 11128.148352056502, 11178.070848009109, 11362.124035923005, 11488.772298078537, 11540.026083955765, 11590.368296998975, 11665.376472032549, 11724.561550083161, 12059.220807134629, 12123.122319013597, 12173.379744945527, 12223.731399084092, 12274.90833190727, 12324.720550935743, 12484.363988096236, 12627.12765597534, 12687.606043087004, 12737.850976917267, 12788.181488119126, 12838.036694034578, 13012.69857900047, 13137.490411970133, 13190.890928985591, 13241.041381114954, 13310.323459047315, 13360.272985111234, 13523.685675832745, 13589.62686289787, 13652.946913948057, 13708.781759035111, 13759.03524100113, 13808.933027032852, 13980.9422548542, 14133.043910062788, 14284.477223947522, 14361.83271105003, 14412.244796949384, 14462.168235914229, 14632.254604827878, 14700.648219951629, 14751.067361972808, 14801.197754003524, 14860.043872888564, 14910.036270053864, 15295.033884618755, 16240.167620710368, 17086.43210477447, 17886.553953819275, 18686.622731796266, 19484.830187952044, 20413.10531807137, 21014.92126784707, 21089.17909202386, 21139.33981798364, 21189.52529902841, 21239.761030937207, 21414.726874120723, 21540.3891550274, 21599.900215982452, 21649.974764898314, 21700.071030101786, 21749.997955890667, 21915.83743989755, 21984.023777891172, 22034.449964036954, 22084.692751028077, 22134.87936998369, 22184.80261592676, 22344.50771982767, 22448.521972105045, 22498.72003696062, 22548.76702699854, 22598.993590911887, 22648.873808904667, 22807.82400605967, 22935.073528011344, 23098.304769966147, 23228.00137788966, 23278.131617952375, 23328.074965974833, 23606.27659611895, 23806.22328105929, 23889.084326055552, 23939.320396928815, 23989.393739046125, 24039.24520903972, 24196.9724688702, 24270.760835010566, 24330.24800991825, 24380.338000000036, 24430.739066953694, 24480.702704965628, 24786.7621160107, 24875.379551054037, 24925.517347061195, 24975.588449106253, 25025.737396883047, 25084.584251075783, 25242.782824047128, 25376.31119897274, 25444.422212091486, 25494.91763196379, 25554.277482971273, 25604.186434938514, 25784.656371957877, 25957.744850984694, 26107.913203025957, 26181.992824075853, 26232.24431499497, 26282.19177392213, 26441.75004692477, 26510.70809395999, 26635.883361007865, 26734.538272976097, 26735.699000000175, 26735.699000000175, 26735.699000000175, 26735.699000000175, 26735.699000000175, 26735.699000000175], "cold_start_times_list": [36, 38, 38, 39, 40, 40, 40, 40, 40, 40, 40, 40, 42, 43, 43, 43, 43, 43, 44, 44, 44, 44, 44, 44, 53, 53, 53, 53, 53, 53, 55, 55, 55, 55, 55, 56, 77, 77, 77, 77, 77, 77, 77, 78, 78, 78, 78, 78, 80, 82, 82, 82, 83, 83, 84, 84, 85, 85, 85, 85, 87, 87, 87, 87, 87, 87, 87, 87, 87, 87, 88, 88, 103, 104, 104, 104, 104, 106, 114, 114, 114, 114, 114, 114, 115, 115, 116, 116, 116, 116, 117, 117, 117, 117, 117, 117, 117, 117, 117, 117, 117, 117, 117, 117, 118, 118, 118, 118, 121, 121, 121, 121, 121, 121, 121, 121, 122, 122, 122, 122, 135, 135, 135, 135, 135, 136, 136, 136, 141, 141, 142, 142, 143, 143, 143, 144, 144, 144, 144, 144, 147, 147, 147, 147, 147, 147, 147, 147], "migration_list": [0, 0, 0, 0, 0, 0, 0, 0, 0, 0, 0, 0, 0, 0, 0, 0, 0, 0, 0, 0, 0, 0, 0, 0, 0, 0, 0, 0, 0, 0, 0, 0, 0, 0, 0, 0, 0, 0, 0, 0, 0, 0, 0, 0, 0, 0, 0, 0, 0, 0, 0, 0, 0, 0, 0, 0, 0, 0, 0, 0, 0, 0, 0, 0, 0, 0, 0, 0, 0, 0, 0, 0, 0, 0, 0, 0, 0, 0, 0, 0, 0, 0, 0, 0, 0, 0, 0, 0, 0, 0, 0, 0, 0, 0, 0, 0, 0, 0, 0, 0, 0, 0, 0, 0, 0, 0, 0, 0, 0, 0, 0, 0, 0, 0, 0, 0, 0, 0, 0, 0, 0, 0, 0, 0, 0, 0, 0, 0, 0, 0, 0, 0, 0, 0, 0, 0, 0, 0, 0, 0, 0, 0, 0, 0, 0, 0, 0, 0],