{"time_series": [50, 100, 150, 200, 250, 300, 350, 400, 450, 500, 550, 600, 650, 700, 750, 800, 850, 900, 950, 1000, 1050, 1100, 1150, 1200, 1250, 1300, 1350, 1400, 1450, 1500, 1550, 1600, 1650, 1700, 1750, 1800, 1850, 1900, 1950, 2000, 2050, 2100, 2150, 2200, 2250, 2300, 2350, 2400, 2450, 2500, 2550, 2600, 2650, 2700, 2750, 2800, 2850, 2900, 2950, 3000, 3050, 3100, 3150, 3200, 3250, 3300, 3350, 3400, 3450, 3500, 3550, 3600, 3650, 3700, 3750, 3800, 3850, 3900, 3950, 4000, 4050, 4100, 4150, 4200, 4250, 4300, 4350, 4400, 4450, 4500, 4550, 4600, 4650, 4700, 4750, 4800, 4850, 4900, 4950, 5000, 5050, 5100, 5150, 5200, 5250, 5300, 5350, 5400, 5450, 5500, 5550, 5600, 5650, 5700, 5750, 5800, 5850, 5900, 5950, 6000, 6050, 6100, 6150, 6200, 6250, 6300, 6350, 6400, 6450, 6500, 6550, 6600, 6650, 6700, 6750, 6800, 6850, 6900, 6950, 7000, 7050, 7100, 7150, 7200, 7250, 7300, 7350, 7400, 7450, 7500, 7550, 7600, 7650, 7700], "energy_list": [106088.80695599652, 242077.88218427182, 377016.51006414765, 510415.83414933184, 644477.0579580461, 777186.9560997044, 910963.1845715903, 1035697.9844037613, 1149043.3367743273, 1261378.914900318, 1373841.266344062, 1485984.894854537, 1614834.9794322716, 1761440.6112165172, 1901779.9323187943, 2027830.6639440954, 2139825.31686964, 2247977.4587974865, 2355948.429986756, 2450272.8936928255, 2544086.476168071, 2638019.24175948, 2731886.863130304, 2825402.1057224628, 2953946.866024915, 3080727.028727197, 3207081.929614961, 3333396.4924487676, 3460115.846382055, 3586161.6098930407, 3720318.452596492, 3843172.6107574315, 3965175.3269545007, 4086953.181564498, 4209182.754887886, 4330725.260481132, 4478490.0032351855, 4623445.607838715, 4768161.912994932, 4912954.901263261, 5057971.190626153, 5202536.315709421, 5348730.703127226, 5495056.691655552, 5640137.560426984, 5784996.272447223, 5929957.496285819, 6074517.572695993, 6208632.730283592, 6331269.83023537, 6453357.706830814, 6575124.7601534445, 6697089.4584936965, 6818570.951504224, 6941815.095464165, 7063929.904329768, 7162211.566945397, 7251741.4999114545, 7341086.595679702, 7430085.946251212, 7522113.114145235, 7612787.702772808, 7703381.0687608225, 7793197.504594354, 7882717.618784195, 7971710.53641253, 8062614.63819944, 8152331.254360803, 8241757.407917025, 8331121.242595177, 8420537.449596997, 8509600.28953919, 8610568.184859639, 8738749.212124018, 8865627.735556422, 8991130.894214356, 9116573.331284279, 9244491.648902552, 9411412.760134293, 9572821.087284708, 9714367.893022485, 9854402.172548795, 9994518.664673451, 10134489.698871428, 10276931.160539798, 10418133.20587147, 10558643.070455117, 10698774.530993758, 10838940.66851719, 10978941.058127228, 11099208.081893664, 11201699.44922128, 11300342.202622341, 11398992.911292125, 11497552.213794686, 11592909.266944585, 11689127.207980387, 11783999.875425043, 11877933.870564483, 11971846.357816523, 12065865.650244715, 12159499.237622911, 12255108.613062857, 12350099.13038573, 12445369.414774604, 12540543.042766135, 12634456.349503338, 12728154.20185011, 12826095.734019004, 12922083.925533129, 13016799.610394971, 13110773.207234284, 13204673.316786775, 13298304.310627995, 13393590.254770864, 13488075.39863461, 13582281.689094221, 13676337.53989078, 13770169.44539818, 13863794.604006913, 13966816.475726765, 14061138.249240736, 14154920.587964924, 14248622.010357622, 14342367.841094868, 14436126.267050838, 14531516.361121716, 14626547.96397594, 14730027.465563403, 14847201.145426083, 14964572.893979007, 15081359.42555359, 15202835.620029422, 15321595.145543013, 15439938.146554835, 15560359.227098359, 15682132.039491136, 15803658.69062373, 15927030.693677057, 16049233.56345323, 16175643.413296603, 16303397.941144232, 16427688.758301219, 16548081.758301219, 16652249.417319056, 16754120.417319056, 16853226.363784388, 16946574.517239776, 17033639.579159964, 17116988.579159964, 17186964.49614459, 17245395.954562105, 17270932.41061535, 17281062.98508243], "latency_list": [927.7422657852173, 1879.3994568977355, 2715.6173368644713, 3413.8109298381805, 4073.041625904083, 4681.809129987715, 5388.670303817748, 5714.853225070951, 5785.415689105986, 5835.607025917051, 5885.899581933973, 5935.8495740604385, 6445.991476070403, 7326.744441122054, 8177.121718067168, 8978.742618972776, 9494.209091934197, 9944.236946067802, 10408.792583137507, 10491.553055074688, 10543.121524950024, 10593.482152084347, 10643.721014919278, 10693.665670124052, 10886.628125862118, 10957.051688020703, 11007.341208108897, 11057.514480905527, 11109.080352056499, 11159.002848009106, 11343.056035923002, 11469.704298078534, 11520.958083955762, 11571.300296998972, 11646.308472032546, 11705.493550083158, 11970.372807134623, 12034.274319013592, 12084.531744945521, 12134.883399084087, 12186.060331907265, 12235.872550935737, 12395.515988096231, 12537.68757299804, 12589.707043086999, 12639.951976917262, 12690.28248811912, 12740.137694034573, 12902.087579000465, 13026.879411970129, 13080.279928985587, 13130.43038111495, 13199.71245904731, 13249.66198511123, 13413.07467583274, 13479.015862897866, 13542.335913948053, 13598.170759035107, 13648.424241001125, 13698.322027032847, 13857.619254854195, 14009.720910062784, 14161.154223947518, 14238.509711050026, 14288.92179694938, 14338.845235914225, 14508.931604827874, 14577.325219951625, 14627.744361972804, 14677.87475400352, 14736.72087288856, 14786.71327005386, 15165.354884618751, 16110.488620710365, 16956.753104774467, 17756.87495381927, 18556.943731796262, 19355.15118795204, 20283.426318071368, 20854.11426784706, 20923.18409202385, 20973.34481798363, 21023.5302990284, 21073.766030937197, 21242.375874120713, 21368.03815502739, 21427.549215982443, 21477.623764898304, 21527.720030101777, 21577.646955890657, 21743.48643989754, 21811.672777891163, 21862.098964036944, 21912.341751028067, 21962.52836998368, 22012.45161592675, 22172.15671982766, 22276.170972105036, 22326.369036960612, 22376.41602699853, 22426.642590911877, 22476.522808904658, 22635.47300605966, 22762.722528011334, 22925.953769966138, 23055.65037788965, 23105.780617952365, 23155.723965974823, 23430.645596118942, 23630.592281059282, 23713.453326055544, 23763.689396928807, 23813.762739046117, 23863.61420903971, 24021.341468870192, 24095.129835010557, 24154.617009918242, 24204.707000000028, 24255.108066953686, 24305.07170496562, 24574.8151160107, 24663.432551054037, 24713.570347061195, 24763.641449106253, 24813.790396883047, 24872.637251075783, 25030.835824047128, 25164.36419897274, 25232.475212091485, 25282.97063196379, 25342.330482971272, 25392.239434938514, 25572.709371957877, 25745.797850984694, 25895.966203025957, 25970.045824075853, 26020.29731499497, 26070.24477392213, 26229.80304692477, 26298.76109395999, 26423.936361007865, 26522.591272976097, 26523.752000000175, 26523.752000000175, 26523.752000000175, 26523.752000000175, 26523.752000000175, 26523.752000000175, 26523.752000000175, 26523.752000000175, 26523.752000000175, 26523.752000000175, 26523.752000000175, 26523.752000000175], "cold_start_times_list": [36, 38, 38, 39, 40, 40, 40, 40, 40, 40, 40, 40, 41, 42, 42, 42, 42, 42, 43, 43, 43, 43, 43, 43, 50, 50, 50, 50, 50, 50, 52, 52, 52, 52, 52, 53, 61, 61, 61, 61, 61, 61, 61, 61, 61, 61, 61, 61, 61, 63, 63, 63, 64, 64, 65, 65, 66, 66, 66, 66, 66, 66, 66, 66, 66, 66, 66, 66, 66, 66, 67, 67, 74, 75, 75, 75, 75, 77, 85, 85, 85, 85, 85, 85, 85, 85, 86, 86, 86, 86, 87, 87, 87, 87, 87, 87, 87, 87, 87, 87, 87, 87, 87, 87, 88, 88, 88, 88, 90, 90, 90, 90, 90, 90, 90, 90, 91, 91, 91, 91, 97, 97, 97, 97, 97, 98, 98, 98, 103, 103, 104, 104, 105, 105, 105, 106, 106, 106, 106, 106, 109, 109, 109, 109, 109, 109, 109, 109, 109, 109, 109, 109, 109, 109],